,CA-HepTh,CA-AstroPh,Wiki-Vote,Soc-Epinions
8,0.19794671223266624,0.08047887402426701,0.2978762361696103,0.08820611337418417
16,-0.13978063359835033,-0.08188270617123139,0.20530244759153493,0.06678712372960528
32,-0.1409334098608055,-0.36835691552309024,0.08056178994606868,0.04907434393876579
64,-0.12873710664987703,-0.3750690779001688,0.0693392325586112,0.05500173407265057
128,-0.057945673039841376,-0.3773871155871064,-0.01865655537417937,0.00692192913238171
