,CA-HepTh,CA-AstroPh,Wiki-Vote,Soc-Epinions
8,-0.012532569999133929,0.05255385380672638,0.16080376405134206,0.049598707278165476
16,-0.32598655608872656,-0.11045738302334258,0.07657287858716164,0.03110255358258812
32,-0.32355094723633376,-0.3905106755262102,-0.028194836098136156,0.014199906316887232
64,-0.330495049730585,-0.39636336237443803,-0.04697856025574492,0.015599208192342402
128,-0.29189223363975725,-0.3982077016408371,-0.12292297296327939,-0.02390860200012391
