,CA-AstroPh,Wiki-Vote,Soc-Epinions
8,-0.09675339087546246,0.06621306376360814,-0.065351724137931
16,-0.03385234093637452,0.09774922118380062,0.0224449035812673
32,-0.015581757508342625,0.19083931357254288,0.10583053221288523
64,0.005292291220556659,0.22583333333333339,0.2179957081545065
128,0.010944502617801066,0.25841835147744935,0.3077698986975398
