,CA-AstroPh,Wiki-Vote,Soc-Epinions
8,-0.09894697903822446,0.047962674961119715,-0.09858068965517235
16,-0.035488595438175244,0.08028660436137076,-0.009935261707989015
32,-0.01797997775305903,0.17762714508580332,0.06824089635854341
64,0.0018426124197001847,0.22032242990654202,0.18845493562231763
128,0.009489005235602109,0.24977760497667176,0.2837785817655572
