,JC,CN,AA
Wiki-Vote,0.19993653090837998,0.20349990073269658,0.2361688038011903
CA-HepTh,-0.10855316153236343,-0.10839654348490457,-0.1083768700902615
CA-AstroPh,-0.017299460600320556,-0.016558673034526523,-0.018204191973088917
Soc-Epinions,-0.06471703733398469,-0.06465944366405546,-0.06535428379593664
