,JC,CN,AA
Wiki-Vote,-0.1730289867996002,-0.16510107868034926,-0.17515305774853793
CA-HepTh,0.30537998951338485,0.3064911521341047,0.30628707987666315
