,JC,CN,AA
Wiki-Vote,-0.16917245778401716,-0.16149345499740184,-0.17410923215777394
CA-HepTh,0.3741983531712762,0.3748466408289537,0.37503291575832043
