,JC,CN,AA
Wiki-Vote,0.2304205073034388,0.23480709828312427,0.2694202297410692
CA-HepTh,-0.04645941582354902,-0.046283655979609095,-0.04626571340457915
CA-AstroPh,-0.006186762668471339,-0.005419846092698518,-0.007077762252449121
Soc-Epinions,0.038175478048471455,0.03825163797556393,0.03435528736260125
