,CA-AstroPh,Wiki-Vote
8,-0.07141918665276327,-0.19193048639667257
16,-0.05082201646090532,-0.16839216576137073
32,-0.03604805725971363,-0.14631583980489088
64,-0.029514256619144585,-0.12230006665626679
128,-0.030506598984771566,-0.0938671658553897
