,CA-AstroPh,Wiki-Vote
8,-0.0726193952033368,-0.1976690848639937
16,-0.050711934156378605,-0.1755189101905871
32,-0.03713190184049078,-0.15336492834917312
64,-0.030815682281059045,-0.13042285068322476
128,-0.03127411167512688,-0.10264347593042802
