,CA-HepTh,CA-AstroPh,Wiki-Vote,Soc-Epinions
8,0.724757760900763,0.639643493422366,0.789108751591123,0.756303248795058
16,0.76129413926546,0.603203062045501,0.775009473801357,0.745684199486994
32,0.759414865683048,0.595007785577249,0.738023702533165,0.734352040757136
64,0.757998717214607,0.584935343085442,0.750676141256145,0.73639121038271
128,0.77248454810733,0.584633498463707,0.716380714576849,0.72296994511705
