,CA-HepTh,CA-AstroPh,Wiki-Vote,Soc-Epinions
8,0.597417795150524,0.623111881453582,0.705768688543216,0.729471101558325
16,0.596501897861477,0.584429499353664,0.692236360931545,0.720740684954229
32,0.597980962643081,0.57413894365431,0.663742926944973,0.709939934421821
64,0.582469306734391,0.565003892817526,0.669021050700467,0.708888247318255
128,0.580648368415399,0.565082968159254,0.640266229736806,0.700833623763911
