,Dataset,Jacard Coefficent,Adamic Adar Coefficent,Common Neighbour Coefficent
0,ca-hepth,0.6723404704750284,0.6724737571466807,0.6724074485893665
1,ca-AstroPh,0.925740815966134,0.9268008206912169,0.9263882660299395
2,ppi,0.7521604308933537,0.7719655739149648,0.771823557509524
3,soc-epinions,0.7045844464633861,0.7049429348434632,0.704912048049328
4,wiki-vote,0.6841082343936828,0.6881174343143022,0.6886479266551169
