,ca-hepth,ca-AstroPh,ppi,soc-epinions,wiki-vote
8,0.7521158712154262,0.8068435584067563,0.6632052076875388,0.663654232721516,0.6873139834926314
16,0.877802984032807,0.8225516667343375,0.713189708617483,0.6800207409015011,0.6915413704966686
32,0.9350841985865107,0.8967578870437288,0.7522215333746642,0.7895462575195412,0.7542768313024919
64,0.9707268126690517,0.9371574160542451,0.8066491010539368,0.8451379489297017,0.7851414294271661
128,0.9880027920774801,0.9640413739900118,0.8355548667079975,0.9062555838476022,0.8130055580374227
