,ca-hepth,ca-AstroPh,ppi,soc-epinions,wiki-vote
8,0.705174068580403,0.6828992244914531,0.5972308328166976,0.6135395734077465,0.59880051785244
16,0.7608847395515226,0.8054275447643022,0.5725356478611283,0.6372416065639351,0.6662946097605874
32,0.7985341593229213,0.847664338787608,0.5800526968381897,0.6764834278731361,0.630292166121853
64,0.8031149114387925,0.884876568273174,0.6036112833230005,0.7297403540107573,0.6517293627373316
128,0.8114911438792427,0.8943927889885908,0.6054453399462699,0.7460442132269555,0.6392697100511586
