Embedding Dimension,CA-AstroPh,Wiki-Vote,Soc-Epinions
8,0.732533,0.685575,0.67762
16,0.804801,0.704755,0.742295
32,0.884992,0.763328,0.789563
64,0.938943,0.786985,0.851379
128,0.965452,0.809163,0.903669
