Embedding Dimension,CA-AstroPh,Wiki-Vote,Soc-Epinions
8,0.730754,0.67384,0.653529
16,0.803438,0.693544,0.718787
32,0.882836,0.754859,0.762724
64,0.935721,0.783447,0.83073
128,0.964062,0.803607,0.887091
