,Dataset,JC,CN,AA
0,Wiki-Vote,0.7145116863057452,0.7253081614272474,0.7152214049513678
1,CA-HepTh,0.7599316893037158,0.7602901923784114,0.7603932024143513
