,Dataset,JC,CN,AA
0,Wiki-Vote,0.7111950713523438,0.7221875669414979,0.7143174519897662
1,CA-HepTh,0.7218751342009019,0.72248960713016,0.7223767551717948
