,Dataset,JC,CN,AA
0,Wiki-Vote,0.694763251395952,0.698029942424964,0.694726867736269
1,CA-HepTh,0.681956831427742,0.682076644234048,0.68209169438095
2,CA-AstroPh,0.925703908114498,0.926401730001476,0.926815242777404
3,Soc-Epinions,0.606998642770244,0.607036021062028,0.604715778384029
