,Dataset,JC,CN,AA
0,Wiki-Vote,0.712413473728691,0.716188117004212,0.713414169114481
1,CA-HepTh,0.729458546894985,0.729593003175599,0.729606729245497
2,CA-AstroPh,0.9361720695663,0.936894504980678,0.937318592433688
3,Soc-Epinions,0.673775885253458,0.673825313046141,0.669227870923603
