Dataset Name,Embedding Dimension,ROC Train score,ROC Test score
CA-AstroPh,32,0.9430949601583516,0.9425778553737463
CA-AstroPh,8,0.8905090595340811,0.8893580738154209
CA-AstroPh,16,0.9226006191950464,0.9227079865199561
CA-AstroPh,32,0.9427447596812669,0.9416845994559259
