Embedding Dimension,CA-AstroPh,Wiki-Vote
8,0.890509,0.767666037923161
16,0.922601,0.791690658195175
32,0.942745,0.813561004665939
64,0.953017,0.835570336543234
128,0.954951,0.850858731261789
