Embedding Dimension,CA-AstroPh,Wiki-Vote
8,0.889358,0.762214369379206
16,0.922708,0.784905997498561
32,0.941685,0.806843223283238
64,0.951739,0.82783744614957
128,0.954195,0.842617776101328
